-- phpMyAdmin SQL Dump
-- version 5.1.0
-- https://www.phpmyadmin.net/
--
-- Хост: 127.0.0.1:3306
-- Время создания: Июн 17 2022 г., 12:11
-- Версия сервера: 10.4.19-MariaDB
-- Версия PHP: 7.2.34

SET SQL_MODE = "NO_AUTO_VALUE_ON_ZERO";
START TRANSACTION;
SET time_zone = "+00:00";


/*!40101 SET @OLD_CHARACTER_SET_CLIENT=@@CHARACTER_SET_CLIENT */;
/*!40101 SET @OLD_CHARACTER_SET_RESULTS=@@CHARACTER_SET_RESULTS */;
/*!40101 SET @OLD_COLLATION_CONNECTION=@@COLLATION_CONNECTION */;
/*!40101 SET NAMES utf8mb4 */;

--
-- База данных: `autobase`
--

-- --------------------------------------------------------

--
-- Структура таблицы `body_configuration`
--

CREATE TABLE `body_configuration` (
  `id` int(10) UNSIGNED NOT NULL,
  `title` varchar(128) COLLATE utf8mb4_unicode_ci NOT NULL
) ENGINE=InnoDB DEFAULT CHARSET=utf8mb4 COLLATE=utf8mb4_unicode_ci;

--
-- Дамп данных таблицы `body_configuration`
--

INSERT INTO `body_configuration` (`id`, `title`) VALUES
(223, 'Внедорожник 5 дв.'),
(548, 'Внедорожник 5 дв.'),
(793, 'Седан'),
(1304, 'Внедорожник 5 дв.'),
(1367, 'Внедорожник 5 дв.'),
(1447, 'Хэтчбек 5 дв.'),
(1557, 'Универсал 5 дв.'),
(1969, 'Внедорожник 5 дв.'),
(2010, 'Седан'),
(2222, 'Хэтчбек 3 дв.'),
(2237, 'Седан'),
(2308, 'Внедорожник 5 дв.'),
(2404, 'Седан'),
(2416, 'Седан'),
(2517, 'Седан'),
(2628, 'Хэтчбек 5 дв.'),
(2708, 'Седан'),
(2838, 'Седан'),
(2840, 'Седан'),
(2913, 'Хэтчбек 5 дв.'),
(3306, 'Внедорожник 5 дв.'),
(3338, 'Внедорожник 5 дв.'),
(3407, 'Хэтчбек 5 дв.'),
(3501, 'Внедорожник 5 дв.'),
(3715, 'Хэтчбек 5 дв.'),
(3755, 'Универсал 5 дв.'),
(3853, 'Внедорожник 5 дв.'),
(3854, 'Хэтчбек 5 дв.'),
(3858, 'Седан'),
(3901, 'Внедорожник 5 дв.'),
(3989, 'Лифтбек'),
(4013, 'Седан'),
(4115, 'Седан'),
(4148, 'Универсал 5 дв. SW Cross'),
(4179, 'Хэтчбек 5 дв.'),
(4240, 'Лифтбек'),
(4438, 'Внедорожник 3 дв.'),
(4453, 'Седан'),
(4484, 'Седан'),
(4518, 'Седан'),
(4597, 'Внедорожник 5 дв.'),
(4688, 'Хэтчбек 5 дв.'),
(4852, 'Купе-хардтоп'),
(4901, 'Хэтчбек 5 дв.'),
(4915, 'Хэтчбек 5 дв.'),
(4987, 'Внедорожник 5 дв.'),
(5005, 'Внедорожник 5 дв.'),
(5070, 'Седан'),
(5088, 'Купе'),
(5107, 'Хэтчбек 5 дв. X-Line'),
(5121, 'Внедорожник 5 дв.'),
(5127, 'Седан'),
(5169, 'Седан'),
(5191, 'Купе'),
(5200, 'Седан'),
(5219, 'Лифтбек'),
(5255, 'Седан'),
(5301, 'Хэтчбек 3 дв.'),
(5309, 'Седан'),
(5317, 'Лифтбек'),
(5345, 'Седан'),
(5347, 'Хэтчбек 5 дв.'),
(5358, 'Седан'),
(5397, 'Седан'),
(5528, 'Седан'),
(5543, 'Внедорожник 5 дв.'),
(5576, 'Внедорожник 5 дв.'),
(5587, 'Седан'),
(5648, 'Универсал 5 дв.'),
(5674, 'Хэтчбек 5 дв.'),
(5736, 'Внедорожник 5 дв.'),
(5766, 'Хэтчбек 5 дв.'),
(5789, 'Седан'),
(5830, 'Седан'),
(5862, 'Седан'),
(5891, 'Хэтчбек 5 дв.'),
(5904, 'Седан'),
(5939, 'Внедорожник 5 дв.'),
(5942, 'Хэтчбек 3 дв.'),
(5987, 'Внедорожник 5 дв.'),
(5998, 'Седан'),
(6153, 'Лифтбек'),
(6236, 'Компактвэн'),
(6290, 'Лифтбек Gran Turismo'),
(6350, 'Хэтчбек 3 дв.'),
(6377, 'Внедорожник 5 дв.'),
(6420, 'Внедорожник 5 дв.'),
(6450, 'Внедорожник 5 дв.'),
(6473, 'Внедорожник 5 дв.'),
(6556, 'Внедорожник 5 дв.'),
(6571, 'Внедорожник 5 дв.'),
(6613, 'Седан'),
(7007, 'Купе'),
(7115, 'Внедорожник 5 дв.'),
(7133, 'Внедорожник 5 дв.'),
(7157, 'Седан'),
(7202, 'Седан'),
(7209, 'Внедорожник 5 дв.'),
(7390, 'Внедорожник 5 дв.'),
(7397, 'Купе'),
(7406, 'Седан Long'),
(7468, 'Внедорожник 5 дв.'),
(7488, 'Внедорожник 5 дв.'),
(7510, 'Внедорожник 5 дв.'),
(7580, 'Внедорожник 5 дв.'),
(7596, 'Внедорожник 5 дв.'),
(7613, 'Седан'),
(7635, 'Внедорожник 5 дв.'),
(7842, 'Минивэн'),
(7844, 'Минивэн Long'),
(7892, 'Внедорожник 5 дв.'),
(8058, 'Внедорожник 5 дв.'),
(8059, 'Внедорожник 5 дв.'),
(8349, 'Седан'),
(8436, 'Внедорожник 5 дв.'),
(8463, 'Минивэн'),
(8508, 'Седан'),
(8516, 'Хэтчбек 5 дв.'),
(8585, 'Внедорожник 5 дв.'),
(8636, 'Внедорожник 5 дв.'),
(8658, 'Внедорожник 5 дв.'),
(8677, 'Седан'),
(8696, 'Седан'),
(8698, 'Внедорожник 5 дв.'),
(8729, 'Внедорожник 5 дв.'),
(8736, 'Внедорожник 3 дв.'),
(8751, 'Седан'),
(8762, 'Седан'),
(8936, 'Внедорожник 5 дв.'),
(9024, 'Внедорожник 5 дв.'),
(9028, 'Внедорожник 5 дв.'),
(9064, 'Седан'),
(9094, 'Внедорожник 5 дв.'),
(9096, 'Внедорожник 5 дв.'),
(9129, 'Внедорожник 5 дв.'),
(9152, 'Седан'),
(9293, 'Седан'),
(9354, 'Лифтбек'),
(9379, 'Лифтбек Sportback'),
(9380, 'Купе'),
(9452, 'Минивэн'),
(9459, 'Седан'),
(9488, 'Внедорожник 5 дв.'),
(9506, 'Внедорожник 5 дв.'),
(9507, 'Седан'),
(9526, 'Лифтбек'),
(9528, 'Внедорожник 5 дв.'),
(9535, 'Седан'),
(9563, 'Внедорожник 5 дв.'),
(9596, 'Седан'),
(9611, 'Хэтчбек 5 дв.'),
(9622, 'Внедорожник 5 дв.'),
(9624, 'Седан'),
(9694, 'Хэтчбек 5 дв. X'),
(9720, 'Внедорожник 5 дв.'),
(9816, 'Универсал 5 дв.'),
(9857, 'Внедорожник 5 дв.'),
(9997, 'Седан'),
(10059, 'Внедорожник 5 дв.'),
(10086, 'Внедорожник 5 дв.'),
(10087, ''),
(10088, ''),
(10089, ''),
(10090, ''),
(10091, '');

-- --------------------------------------------------------

--
-- Структура таблицы `brand`
--

CREATE TABLE `brand` (
  `id` int(11) UNSIGNED NOT NULL,
  `title` varchar(128) COLLATE utf8mb4_unicode_ci NOT NULL
) ENGINE=InnoDB DEFAULT CHARSET=utf8mb4 COLLATE=utf8mb4_unicode_ci;

--
-- Дамп данных таблицы `brand`
--

INSERT INTO `brand` (`id`, `title`) VALUES
(9, 'Audi'),
(14, 'BMW'),
(15, 'Brilliance'),
(21, 'Chery'),
(22, 'Chevrolet'),
(38, 'Ford'),
(45, 'Honda'),
(46, 'Hyundai'),
(47, 'Infiniti'),
(55, 'Kia'),
(58, 'Land Rover'),
(60, 'Lexus'),
(67, 'Mazda'),
(68, 'Mercedes-Benz'),
(73, 'Mitsubishi'),
(76, 'Nissan'),
(78, 'Opel'),
(83, 'Porsche'),
(89, 'Renault'),
(97, 'Skoda'),
(100, 'Suzuki'),
(105, 'Toyota'),
(112, 'Volkswagen'),
(113, 'Volvo'),
(118, 'LADA (ВАЗ)'),
(120, 'ГАЗ'),
(183, 'Lifan'),
(209, 'Changan');

-- --------------------------------------------------------

--
-- Структура таблицы `category`
--

CREATE TABLE `category` (
  `id` int(11) UNSIGNED NOT NULL,
  `title` varchar(256) COLLATE utf8mb4_unicode_ci NOT NULL
) ENGINE=InnoDB DEFAULT CHARSET=utf8mb4 COLLATE=utf8mb4_unicode_ci;

--
-- Дамп данных таблицы `category`
--

INSERT INTO `category` (`id`, `title`) VALUES
(1, 'Легковые'),
(2, 'Легкие коммерческие');

-- --------------------------------------------------------

--
-- Структура таблицы `dealer`
--

CREATE TABLE `dealer` (
  `id` int(10) UNSIGNED NOT NULL,
  `title` varchar(255) COLLATE utf8_unicode_ci NOT NULL
) ENGINE=InnoDB DEFAULT CHARSET=utf8 COLLATE=utf8_unicode_ci;

--
-- Дамп данных таблицы `dealer`
--

INSERT INTO `dealer` (`id`, `title`) VALUES
(3711, 'Автомобили с пробегом Сочи'),
(3713, 'Автомобили с пробегом Сызрань');

-- --------------------------------------------------------

--
-- Структура таблицы `element`
--

CREATE TABLE `element` (
  `id` int(10) UNSIGNED NOT NULL,
  `title` varchar(256) COLLATE utf8mb4_unicode_ci DEFAULT NULL,
  `equipment_id` int(10) UNSIGNED DEFAULT NULL
) ENGINE=InnoDB DEFAULT CHARSET=utf8mb4 COLLATE=utf8mb4_unicode_ci;

--
-- Дамп данных таблицы `element`
--

INSERT INTO `element` (`id`, `title`, `equipment_id`) VALUES
(1, 'Антиблокировочная система', 1),
(2, 'Антипробуксовочная система', 1),
(3, 'Система курсовой устойчивости', 1),
(4, 'Система контроля слепых зон', 1),
(5, 'Система помощи при экстренном торможении', 1),
(6, 'Система предотвращения столкновения', 1),
(7, 'Датчик усталости водителя', 1),
(8, 'Датчик давления в шинах', 1),
(10, 'Подушки безопасности водителя', 2),
(11, 'Подушки безопасности водителя с защитой коленей', 2),
(12, 'Подушки безопасности пассажира', 2),
(13, 'Подушки безопасности пассажиров, в том числе задних', 2),
(14, 'Боковые передние подушки безопасности', 2),
(15, 'Боковые передние и задние подушки безопасности', 2),
(16, 'Оконные шторки безопасности', 2),
(17, 'Ламинированные боковые стекла', 2),
(18, 'Блокировка замков задних дверей', 2),
(19, 'Система крепления детских автокресел', 2),
(20, 'Сигнализация', 3),
(21, 'Сигнализация с обратной связью', 3),
(22, 'Дистанционный запуск двигателя', 3),
(23, 'Датчик проникновения в салон (датчик объема)', 3),
(24, 'Иммобилайзер', 3),
(25, 'Центральный замок', 3),
(26, 'Бортовой компьютер', 4),
(27, 'Круиз-контроль', 4),
(28, 'Адаптивный круиз-контроль', 4),
(29, 'Парктроник', 4),
(30, 'Парктроник задний', 4),
(31, 'Парктроник передний и задний', 4),
(32, 'Камера', 4),
(33, 'Камера заднего вида', 4),
(34, 'Камера 360°', 4),
(35, 'Система автоматической парковки', 4),
(36, 'Система помощи при старте в гору', 4),
(37, 'Система контроля за полосой движения', 4),
(38, 'Система распознавания дорожных знаков', 4),
(39, 'Система управления дальним светом', 4),
(40, 'Система ночного видения', 4),
(41, 'Датчик света', 4),
(42, 'Датчик дождя', 4),
(43, 'Усилитель руля', 5),
(44, 'Гидро усилитель руля', 5),
(45, 'Электро усилитель руля', 5),
(47, 'Активный усилитель руля', 5),
(48, 'Пневмоподвеска', 5),
(49, 'Запуск двигателя с кнопки', 5),
(50, 'Система “старт-стоп”', 5),
(51, 'Система доступа без ключа', 5),
(52, 'Регулировка руля', 5),
(53, 'Регулировка руля в двух плоскостях', 5),
(54, 'Электрорегулировка руля', 5),
(55, 'Электрорегулировка руля с памятью положения', 5),
(57, 'Регулировка сиденья водителя в двух плоскостях', 5),
(58, 'Электрорегулировка сиденья водителя', 5),
(59, 'Электрорегулировка сиденья водителя с памятью положения', 5),
(61, 'Регулировка сиденья пассажира в двух плоскостях', 5),
(62, 'Электрорегулировка сиденья пассажира', 5),
(63, 'Электрорегулировка сиденья пассажира с памятью положения', 5),
(64, 'Электрорегулировка задних сидений', 5),
(65, 'Электростеклоподъемники', 5),
(66, 'Электростеклоподъемники передние', 5),
(67, 'Электростеклоподъемники передние и задние', 5),
(68, 'Электропривод зеркал', 5),
(69, 'Электропривод крышки багажника', 5),
(70, 'Солнцезащитная шторка на заднем стекле', 5),
(71, 'Солнцезащитные шторки в задних дверях', 5),
(72, 'Охлаждаемый перчаточный ящик', 5),
(73, 'Кондиционер', 6),
(74, 'Климат-контроль', 6),
(75, 'Климат-контроль 1-зонный', 6),
(76, 'Климат-контроль 2-зонный', 6),
(77, 'Климат-контроль 3-зонный', 6),
(79, 'Климат-контроль многозонный', 6),
(80, 'Вентиляция сидений', 6),
(82, 'Вентиляция сидений водителя и пассажира', 6),
(84, 'Подогрев сидений', 6),
(86, 'Подогрев сидений водителя и пассажира', 6),
(87, 'Подогрев сидений водителя, пассажира и задних пассажиров', 6),
(88, 'Подогрев руля', 6),
(89, 'Обогрев зеркал', 6),
(91, 'Обогрев лобового стекла', 6),
(92, 'Обогрев заднего стекла', 6),
(93, 'Обогрев зоны стеклоочистителей', 6),
(94, 'Обогрев форсунок стеклоомывателей', 6),
(95, 'Программируемый предпусковой отопитель', 6),
(96, 'Навигационная система', 7),
(97, 'Медиасистема', 7),
(99, 'CD', 7),
(100, 'DVD', 7),
(101, 'USB', 7),
(102, 'MP3', 7),
(103, 'Видео', 7),
(104, 'Радио', 7),
(105, 'TV', 7),
(106, 'Функция Apple CarPlay', 7),
(107, 'Функция Android Auto', 7),
(108, 'Голосовое управление', 7),
(109, 'Bluetooth', 7),
(110, 'AUX', 7),
(111, 'Hi-Fi', 7),
(112, 'Колонки', 7),
(115, '6 колонок', 7),
(116, '8+ колонок', 7),
(117, 'Сабвуфер', 7),
(118, 'Аудиоподготовка', 7),
(119, 'Проекционный дисплей', 7),
(121, 'Мультифункциональное рулевое колесо', 7),
(122, 'Беспроводная зарядка для телефона', 7),
(123, 'Розетка 12V', 7),
(124, 'Тканевая обивка салона', 8),
(126, 'Кожаная обивка салона', 8),
(127, 'Алькантаровая обивка салона', 8),
(128, 'Комбинированная обивка салона', 8),
(129, 'Темный салон', 8),
(130, 'Светлый салон', 8),
(131, 'Отделка потолка черного цвета', 8),
(132, 'Отделка кожей рычага КПП', 8),
(133, 'Кожаный руль', 8),
(134, 'Люк', 8),
(136, 'Электрический люк', 8),
(137, 'Панорамная крыша', 8),
(138, 'Спортивные передние сидения', 8),
(139, 'Складывающееся заднее сидение', 8),
(140, 'Функция складывания спинки сиденья пассажира', 8),
(141, 'Третий задний подголовник', 8),
(142, 'Третий ряд сидений', 8),
(143, 'Передний центральный подлокотник', 8),
(144, 'Складной столик на спинках передних сидений', 8),
(145, 'Подрулевые лепестки переключения передач', 8),
(147, 'Металлические накладки на педали', 8),
(148, 'Накладки на пороги', 8),
(149, 'Прикуриватель и пепельница', 8),
(150, 'Штампованные стальные диски', 9),
(151, 'Литые легкосплавные диски', 9),
(156, 'Размер дисков 14″', 9),
(157, 'Размер дисков 15″', 9),
(158, 'Размер дисков 16″', 9),
(159, 'Размер дисков 17″', 9),
(160, 'Размер дисков 18″', 9),
(161, 'Размер дисков 19″', 9),
(162, 'Размер дисков 20″', 9),
(163, 'Размер дисков 21″', 9),
(171, 'Тонированные стекла', 9),
(172, 'Задние тонированные стекла', 9),
(174, 'Рейлинги на крыше', 9),
(175, 'Защита картера', 9),
(176, 'Декоративные молдинги', 9),
(177, 'Аэродинамический обвес', 9),
(179, 'Галогенные фары', 10),
(180, 'Ксеноновые фары', 10),
(181, 'Биксеноновые фары', 10),
(182, 'Светодиодные фары', 10),
(183, 'Противотуманные фары', 10),
(184, 'Адаптивные фары', 10),
(185, 'Огни дневного хода', 10),
(186, 'Корректор фар', 10),
(187, 'Омыватель фар', 10),
(190, 'ПТС', 12),
(191, 'Сервисная книжка', 12),
(192, 'Свидетельство о регистрации', 12),
(198, 'Балонный ключ', 12),
(200, 'Домкрат', 12),
(202, '1 комплект ключей', 12),
(203, '2 комплекта ключей', 12),
(206, 'Комплект тканневых ковриков', 12),
(207, 'Комплект резиновых ковриков', 12),
(214, 'Запасное колесо', 12),
(215, 'Докатка', 12),
(218, 'Отметки ТО Частично', 12),
(219, 'Отметки ТО Все', 12),
(220, 'Электроскладывание зеркал', 5),
(222, 'Система распределения тормозных усилий', 1),
(223, 'ЭРА-ГЛОНАСС', 1),
(225, 'Система помощи при спуске с горы', 4),
(231, 'Спортивная подвеска', 5),
(235, 'Регулировка задних сидений в двух плоскостях', 5),
(237, 'Декоративное освещение салона', 5),
(240, 'Функция Яндекс.Авто', 7),
(241, 'Розетка 220V', 7),
(252, 'Автоматический корректор фар', 10),
(264, 'Электронная приборная панель', 7);

-- --------------------------------------------------------

--
-- Структура таблицы `equipment`
--

CREATE TABLE `equipment` (
  `id` int(10) UNSIGNED NOT NULL,
  `title` varchar(256) COLLATE utf8mb4_unicode_ci DEFAULT NULL
) ENGINE=InnoDB DEFAULT CHARSET=utf8mb4 COLLATE=utf8mb4_unicode_ci;

--
-- Дамп данных таблицы `equipment`
--

INSERT INTO `equipment` (`id`, `title`) VALUES
(1, 'Активная безопасность'),
(2, 'Пассивная безопасность'),
(3, 'Противоугонная система'),
(4, 'Помощь при вождении'),
(5, 'Комфорт'),
(6, 'Управление климатом и обогрев'),
(7, 'Мультимедиа и навигация'),
(8, 'Салон и интерьер'),
(9, 'Экстерьер'),
(10, 'Освещение'),
(12, 'Комплектность');

-- --------------------------------------------------------

--
-- Структура таблицы `generation`
--

CREATE TABLE `generation` (
  `id` int(10) UNSIGNED NOT NULL,
  `title` varchar(256) COLLATE utf8mb4_unicode_ci NOT NULL
) ENGINE=InnoDB DEFAULT CHARSET=utf8mb4 COLLATE=utf8mb4_unicode_ci;

--
-- Дамп данных таблицы `generation`
--

INSERT INTO `generation` (`id`, `title`) VALUES
(2358, 'I (4G)'),
(2426, 'VI (F3x)'),
(2432, 'VI (F10/F11/F07)'),
(2433, 'VI (F10/F11/F07) Рестайлинг'),
(2447, 'II (F25)'),
(2453, 'I (E71)'),
(2838, 'II'),
(2840, 'II Рестайлинг'),
(3032, 'II'),
(3046, 'V (MD)'),
(3069, 'I'),
(3070, 'I Рестайлинг'),
(3088, 'II (S51)'),
(3186, 'II'),
(3210, 'II Рестайлинг'),
(3261, 'III'),
(3274, 'III Рестайлинг'),
(3400, 'IV (W205)'),
(3414, 'IV (W212, S212, C207) Рестайлинг'),
(3425, 'III (W166)'),
(3434, 'VI (W222, C217)'),
(3446, 'I (W639) Рестайлинг'),
(3520, 'X Рестайлинг'),
(3544, 'III Рестайлинг'),
(3644, 'I'),
(3708, 'III (P12)'),
(3805, 'H Рестайлинг'),
(3807, 'J Рестайлинг'),
(3817, 'D Рестайлинг II'),
(4035, 'III (A7)'),
(4112, 'III'),
(4166, 'II'),
(4181, 'VII (XV50)'),
(4327, 'IV (CA40)'),
(4452, 'B7'),
(4462, 'V Рестайлинг'),
(4470, 'I Рестайлинг'),
(4491, 'II'),
(4498, 'I'),
(4513, 'II'),
(4515, 'I Рестайлинг'),
(4590, 'I Рестайлинг'),
(4595, 'I (8U)'),
(4596, 'I (8U) Рестайлинг'),
(4670, 'II Рестайлинг'),
(4748, 'I Рестайлинг'),
(4757, 'II (W164) Рестайлинг'),
(4838, 'IX Рестайлинг'),
(4887, 'V (E90/E91/E92/E93) Рестайлинг'),
(4909, 'II Рестайлинг'),
(4991, 'III (F06/F13/F12)'),
(4994, 'I (E71)'),
(5038, 'II (C216) Рестайлинг'),
(5106, '200 Series Рестайлинг 1'),
(5113, 'I (8X)'),
(5133, 'II'),
(5285, 'I'),
(5335, 'III Рестайлинг'),
(5387, 'III Рестайлинг 2'),
(5396, 'I Рестайлинг'),
(5444, 'IV'),
(5559, 'I'),
(5560, 'I Рестайлинг'),
(5582, 'II (W463) Рестайлинг 4'),
(5591, 'V (B9)'),
(5770, 'II Рестайлинг'),
(5771, 'IV'),
(5801, 'IV (CA40) Рестайлинг'),
(5802, 'II'),
(6050, 'I'),
(6191, 'I Рестайлинг'),
(6237, 'I'),
(6392, 'III (8V) Рестайлинг'),
(6455, 'F32/F33/F36'),
(6516, 'I'),
(6517, 'I'),
(6578, 'VII (G30/G31)'),
(6595, 'I Рестайлинг'),
(6635, 'I'),
(6636, 'I'),
(6641, 'III Рестайлинг (Classic)'),
(6664, 'III (A7) Рестайлинг'),
(6696, 'II'),
(6698, 'II Рестайлинг'),
(6706, 'III'),
(6710, 'II'),
(7655, 'VII (XV50) Рестайлинг 2'),
(7670, 'IV (G32)'),
(7677, 'IV'),
(7691, 'I'),
(7692, 'I Рестайлинг'),
(7696, 'III (W222, C217) Рестайлинг'),
(7718, 'II Рестайлинг'),
(7724, 'II'),
(7820, 'VII (LF) Рестайлинг'),
(7926, 'IV Рестайлинг'),
(7932, 'I'),
(7933, 'I Рестайлинг'),
(9115, 'I'),
(9122, 'I'),
(9701, 'VIII (XV70)'),
(9801, 'III Prime Рестайлинг'),
(9827, 'II Рестайлинг 2'),
(9855, 'V (C8)'),
(9863, 'III'),
(9930, 'III'),
(9978, 'IV (G05)'),
(10022, 'VII'),
(10033, 'IV Рестайлинг'),
(10036, 'III Рестайлинг'),
(10052, 'IV Рестайлинг'),
(10058, 'IV'),
(10075, 'IV'),
(10235, 'V (XA50)'),
(10325, 'I'),
(10328, 'II (F48) Рестайлинг'),
(10350, 'V (B9) Рестайлинг'),
(10384, 'I (4M) Рестайлинг'),
(10388, 'I Рестайлинг'),
(10420, 'IV Рестайлинг'),
(10448, 'VII'),
(10579, 'VIII (DN8)'),
(10642, 'II'),
(10676, 'II (F5) Рестайлинг'),
(10742, 'T6 Рестайлинг'),
(10748, 'II Рестайлинг'),
(10765, 'IV (8Y)'),
(10772, 'I Рестайлинг'),
(10786, 'IV'),
(10797, 'VI'),
(10799, 'I Рестайлинг'),
(10804, 'VII (G30/G31) Рестайлинг'),
(10833, 'II (FY) Рестайлинг'),
(10869, 'III'),
(10882, 'II Рестайлинг'),
(10888, '150 Series Рестайлинг 3'),
(10889, 'IV Рестайлинг'),
(10897, 'IV'),
(10985, 'II Рестайлинг'),
(22319, 'I Рестайлинг'),
(22352, 'IV Рестайлинг'),
(44751, 'VIII (XV70) Рестайлинг'),
(53956, 'II'),
(53957, ''),
(53958, ''),
(53959, ''),
(53960, ''),
(53961, '');

-- --------------------------------------------------------

--
-- Структура таблицы `model`
--

CREATE TABLE `model` (
  `id` int(11) UNSIGNED NOT NULL,
  `title` varchar(128) COLLATE utf8mb4_unicode_ci NOT NULL
) ENGINE=InnoDB DEFAULT CHARSET=utf8mb4 COLLATE=utf8mb4_unicode_ci;

--
-- Дамп данных таблицы `model`
--

INSERT INTO `model` (`id`, `title`) VALUES
(83, 'A1'),
(85, 'A3'),
(86, 'A4'),
(88, 'A5'),
(89, 'A6'),
(91, 'A7'),
(96, 'Q3'),
(97, 'Q5'),
(147, '3 серии'),
(148, '4 серии'),
(149, '5 серии'),
(150, '6 серии'),
(155, 'X1'),
(156, 'X3'),
(158, 'X5'),
(159, '35i 3.0 AT (306 л.с.) 4WD'),
(246, 'CS35'),
(265, 'Tiggo 5'),
(299, 'Lacetti'),
(664, 'Focus'),
(825, 'Pilot'),
(851, 'Accent'),
(857, 'Elantra'),
(863, 'Getz'),
(868, 'i30'),
(871, 'ix35'),
(880, 'Santa Fe'),
(883, '1.6 AT (123 л.с.)'),
(884, 'Sonata'),
(885, 'H-1'),
(890, 'Tucson'),
(897, 'FX'),
(978, 'Ceed'),
(979, 'Cerato'),
(988, 'Optima'),
(989, 'Picanto'),
(995, 'Rio'),
(999, 'Sorento'),
(1000, 'Soul'),
(1002, 'Sportage'),
(1003, 'Venga'),
(1049, 'Range Rover'),
(1061, 'ES'),
(1065, 'IS'),
(1069, 'NX'),
(1071, 'RX'),
(1191, 'CX-5'),
(1238, 'C-Класс'),
(1242, 'CLC-Класс'),
(1245, 'E-Класс'),
(1246, 'G-Класс'),
(1250, 'M-Класс'),
(1252, 'S-Класс'),
(1259, 'Viano'),
(1338, 'i-MiEV'),
(1341, 'Lancer'),
(1351, 'Outlander'),
(1433, 'Juke'),
(1465, 'Primera'),
(1467, 'Qashqai'),
(1515, 'Astra'),
(1521, 'Corsa'),
(1640, 'Panamera'),
(1681, '1.6 MT (114 л.с.)'),
(1776, 'Fabia'),
(1779, 'Octavia'),
(1780, 'Rapid'),
(1844, 'Grand Vitara'),
(1846, 'Jimny'),
(1902, 'Avensis'),
(1912, '2.5 AT (181 л.с.)'),
(1935, 'Fortuner'),
(1951, 'Land Cruiser'),
(1952, 'Land Cruiser Prado'),
(1981, 'RAV4'),
(2088, 'Jetta'),
(2091, 'Multivan'),
(2092, 'Passat'),
(2097, '1.6 AT (110 л.с.)'),
(2103, 'Tiguan'),
(2104, 'Touareg'),
(2132, 'S80'),
(2139, 'XC60'),
(2191, 'Granta'),
(2192, 'Kalina'),
(2193, 'Largus'),
(2194, 'Priora'),
(4971, 'M6'),
(4973, 'X6 M'),
(5017, 'CL-Класс AMG'),
(5067, 'S-Класс AMG'),
(5120, 'Focus ST'),
(5393, 'Qashqai+2'),
(5548, 'X50'),
(5568, 'XRAY'),
(5814, 'Vesta'),
(6128, 'SQ7'),
(6209, 'Creta'),
(6368, 'Kaptur'),
(6536, '2.0d AMT (150 л.с.) 4WD'),
(6630, 'C-HR'),
(7544, 'ГАЗель (3302)'),
(7636, 'Karoq'),
(7700, 'Sprinter Classic'),
(7811, 'K5'),
(10010, 'Q8'),
(10324, '1.3 CVT (150 л.с.) 4WD'),
(10387, 'V3');

-- --------------------------------------------------------

--
-- Структура таблицы `modification`
--

CREATE TABLE `modification` (
  `id` int(10) UNSIGNED NOT NULL,
  `title` varchar(256) COLLATE utf8mb4_unicode_ci NOT NULL
) ENGINE=InnoDB DEFAULT CHARSET=utf8mb4 COLLATE=utf8mb4_unicode_ci;

--
-- Дамп данных таблицы `modification`
--

INSERT INTO `modification` (`id`, `title`) VALUES
(733, '1.4 AMT (122 л.с.)'),
(811, '2.8 AMT (204 л.с.) 4WD'),
(1483, '2.0 AMT (170 л.с.) 4WD'),
(1752, '420i 2.0 AT (184 л.с.)'),
(1888, '35i 3.0 AT (306 л.с.) 4WD'),
(2105, '523i 2.5 AT (204 л.с.)'),
(2135, '530d xDrive 3.0d AT (258 л.с.) 4WD'),
(2190, '530d xDrive 3.0d AT (258 л.с.) 4WD'),
(2220, '316i 1.6 AT (136 л.с.)'),
(2251, '320i 2.0 AT (184 л.с.)'),
(2887, '1.6 AT (113 л.с.)'),
(2944, '2.0 CVT (139 л.с.)'),
(6377, '1.6 AT (123 л.с.)'),
(6484, '1.4 AT (107 л.с.)'),
(6487, '1.6 AT (123 л.с.)'),
(6488, '1.6 AT (123 л.с.)'),
(6930, '1.6 AT (132 л.с.)'),
(7235, '6-speed 1.6 MT (126 л.с.)'),
(7344, '2.4 AT (175 л.с.)'),
(7496, '1.6 AT (125 л.с.)'),
(8727, '180 1.8 AT (143 л.с.)'),
(9130, '180 1.6 AT (156 л.с.)'),
(9208, '200 2.0 AT (184 л.с.)'),
(9209, '200 2.0 AT (184 л.с.)'),
(9408, '500 4.7 AT (455 л.с.) 4WD'),
(9410, '500 Long 4.7 AT (455 л.с.) 4WD'),
(10278, '1.6 AT (117 л.с.)'),
(10596, '1.6 CVT (117 л.с.)'),
(12126, '1.6 AT (115 л.с.)'),
(13319, '2.0 MT (135 л.с.) 4WD'),
(14701, '1.8 AMT (180 л.с.)'),
(15962, '2.0 AT (147 л.с.)'),
(16335, '2.5 AT (181 л.с.)'),
(16347, '3.5 AT (249 л.с.)'),
(17149, '1.8 AMT (152 л.с.)'),
(17648, '2.0 AT (170 л.с.) 4WD'),
(17667, '2.0d AT (140 л.с.) 4WD'),
(18426, '2.4d AT (163 л.с.) 4WD'),
(18626, '2.5 AT (200 л.с.)'),
(20613, '1.6 MT (109 л.с.)'),
(21629, '1.6 AT (100 л.с.)'),
(21641, '1.6 MT (100 л.с.)'),
(21975, '1.6 MT (115 л.с.)'),
(22002, 'FX37 3.7 AT (333 л.с.) 4WD'),
(23106, 'L1 2.1d AT (163 л.с.) 4WD'),
(23107, 'L2 2.1d AT (163 л.с.) 4WD'),
(23886, '350 CDI 3.0d AT (258 л.с.) 4WD'),
(23887, '400 3.0 AT (333 л.с.) 4WD'),
(23889, '550 4.7 AT (408 л.с.) 4WD'),
(24495, '2.0 CVT (140 л.с.)'),
(26909, '1.6 MT (106 л.с.) 4WD'),
(28069, '1.6 MT (87 л.с.)'),
(28075, '1.6 MT (105 л.с.)'),
(28642, '30d xDrive 3.0d AT (249 л.с.) 4WD'),
(31947, '250 2.5 AT (208 л.с.)'),
(31970, '270 2.7 AT (188 л.с.)'),
(31997, '200t 2.0 AT (238 л.с.) 4WD'),
(33244, '1.4 MT (90 л.с.)'),
(33930, '2.0 CVT (146 л.с.)'),
(33931, '2.0 CVT (146 л.с.) 4WD'),
(34890, '2.0 CVT (146 л.с.)'),
(35693, '1.2 MT (85 л.с.)'),
(40078, '1.6 AT (126 л.с.)'),
(40306, '350 3.5 AT (272 л.с.) 4WD'),
(41212, '1.6 MT (106 л.с.)'),
(41461, '1.6 AT (98 л.с.)'),
(43062, '3.5 AT (249 л.с.) 4WD'),
(44078, '4.4 AMT (560 л.с.)'),
(44103, '4.4 AT (555 л.с.) 4WD'),
(44479, '63 AMG 5.5 AT (544 л.с.)'),
(45097, '4.5d AT (235 л.с.) 4WD'),
(45263, '2.5 MT (225 л.с.)'),
(45718, '1.6 AT (105 л.с.)'),
(46394, '325i 2.5 AT (218 л.с.)'),
(46725, '1.6 AT (123 л.с.)'),
(47430, '2.4 CVT (167 л.с.) 4WD'),
(47471, '2.0 CVT (141 л.с.) 4WD'),
(47504, '2.0 AMT (180 л.с.) 4WD'),
(48552, '1.5 CVT (103 л.с.)'),
(48647, '1.6 MT (114 л.с.)'),
(48651, '1.5d MT (109 л.с.) 4WD'),
(48725, '350 d 3.0d AT (245 л.с.) 4WD'),
(48769, '1.6 MT (90 л.с.)'),
(48774, '1.4 AMT (150 л.с.)'),
(49759, '1.6 AMT (135 л.с.)'),
(49767, '1.4 MT (100 л.с.)'),
(50156, '2.0d AT (136 л.с.) 4WD'),
(50727, '1.6 AT (130 л.с.)'),
(51216, '1.4 AMT (125 л.с.)'),
(51994, '2.0 CVT (146 л.с.) 4WD'),
(51996, '2.2d AT (150 л.с.) 4WD'),
(52935, '1.6 AT (110 л.с.)'),
(53638, '2.0 AT (150 л.с.) 4WD'),
(53960, '2.0 AMT (180 л.с.) 4WD'),
(53962, '2.0d AMT (150 л.с.) 4WD'),
(54203, '1.6 MT (106 л.с.)'),
(54234, '2.4 AT (188 л.с.)'),
(54601, '2.0 AT (150 л.с.)'),
(54996, '1.4 AT (97 л.с.)'),
(55945, '1.4 AMT (150 л.с.)'),
(56219, '1.6 AT (123 л.с.)'),
(56221, '2.0 AT (149 л.с.) 4WD'),
(56528, '1.4 MT (125 л.с.)'),
(56606, '1.4 AMT (150 л.с.)'),
(56608, '2.0 AMT (180 л.с.) 4WD'),
(56611, '2.0d AMT (150 л.с.) 4WD'),
(56812, '520d 2.0d AT (190 л.с.)'),
(56908, '1.8 MT (122 л.с.)'),
(56909, '1.8 AMT (122 л.с.)'),
(56910, '1.8 MT (122 л.с.)'),
(57353, '1.4 AMT (125 л.с.)'),
(57354, '1.4 AMT (150 л.с.) 4WD'),
(57358, '1.6 AT (130 л.с.)'),
(57780, '1.6 AT (110 л.с.)'),
(57876, '1.4 MT (100 л.с.)'),
(57878, '1.6 MT (123 л.с.)'),
(57879, '1.6 AT (123 л.с.)'),
(57905, '1.6 AMT (204 л.с.)'),
(58002, '1.3 AT (84 л.с.)'),
(58164, '1.6 MT (121 л.с.) 4WD'),
(58581, '1.4 AMT (125 л.с.)'),
(58776, '2.5 AT (181 л.с.)'),
(58855, '2.5 AT (194 л.с.) 4WD'),
(58871, '1.6 AT (123 л.с.)'),
(58931, '1.6 AT (110 л.с.)'),
(58933, '1.6 MT (90 л.с.)'),
(58986, '63 AMG Long 4.0 AT (612 л.с.) 4WD'),
(59013, '630i 2.0 AT (249 л.с.)'),
(59046, '2.8d AT (177 л.с.) 4WD'),
(59886, 'SW Cross 1.6 MT (106 л.с.)'),
(59887, 'SW Cross 1.8 MT (122 л.с.)'),
(59931, '2.0 AT (150 л.с.)'),
(60560, 'X-Line 1.6 AT (123 л.с.)'),
(60572, '2.0hyb AT (300 л.с.) 4WD'),
(60616, '300 2.0 AT (238 л.с.) 4WD'),
(62757, '2.2d AT (200 л.с.) 4WD'),
(64229, '2.5 AT (181 л.с.)'),
(64230, '3.5 AT (249 л.с.)'),
(66635, '30d 3.0d AT (249 л.с.) 4WD'),
(66706, '2.0 CVT (148 л.с.)'),
(66758, '2.5d AT (170 л.с.)'),
(67073, '200 2.0 AT (150 л.с.)'),
(67075, '350 3.5 AT (249 л.с.)'),
(67225, '2.0 AT (150 л.с.)'),
(67338, '2.0 MT (150 л.с.)'),
(67441, '1.6 AT (128 л.с.)'),
(67602, '1.5 AT (102 л.с.) 4WD'),
(67733, '1.6 MT (87 л.с.)'),
(67734, '1.6 AT (98 л.с.)'),
(67825, '2.0 AT (150 л.с.)'),
(68088, '2.0 AT (150 л.с.) 4WD'),
(69410, '45 TDI 3.0d AT (249 л.с.) 4WD'),
(69432, '2.0 CVT (144 л.с.)'),
(69869, '1.3 CVT (150 л.с.) 4WD'),
(69893, 'ТагАЗ 1.5 AT (102 л.с.)'),
(70144, '45 TFSI 2.0 AMT (245 л.с.) 4WD'),
(70191, '35 TFSI 2.0 AMT (150 л.с.)'),
(70455, '1.5 MT (107 л.с.)'),
(70578, '18d xDrive 2.0d AT (150 л.с.) 4WD'),
(70624, '300 2.0 AT (238 л.с.) 4WD'),
(70818, '2.5 AT (199 л.с.) 4WD'),
(71799, '1.6 MT (110 л.с.)'),
(71813, '2.0 AT (150 л.с.)'),
(72260, '1.6 AT (110 л.с.)'),
(72261, '1.6 MT (90 л.с.)'),
(72262, '1.6 MT (110 л.с.)'),
(73002, '2.0d AMT (199 л.с.) 4WD'),
(73061, '1.4 AT (100 л.с.)'),
(73064, '1.6 AT (123 л.с.)'),
(73310, '2.0 AT (149 л.с.) 4WD'),
(73360, '4.0d AT (422 л.с.) 4WD'),
(73642, '1.4 AMT (125 л.с.)'),
(73643, '1.6 MT (110 л.с.)'),
(73644, '1.6 AT (110 л.с.)'),
(73655, '1.3 CVT (150 л.с.)'),
(73721, '520d 2.0d AT (190 л.с.)'),
(74104, '2.0 AT (150 л.с.)'),
(74105, '2.5 AT (194 л.с.)'),
(74212, '4 2.9 AMT (330 л.с.) 4WD'),
(74290, '2.8d AT (200 л.с.) 4WD'),
(74301, '1.6 AT (123 л.с.)'),
(74465, '2.2d AMT (199 л.с.) 4WD'),
(74467, '1.6 MT (110 л.с.)'),
(74504, '45 TFSI 2.0 AMT (249 л.с.) 4WD'),
(74505, '45 TFSI 2.0 AMT (249 л.с.) 4WD'),
(74803, 'X 1.6 AT (123 л.с.)'),
(74966, '1.4 AMT (150 л.с.)'),
(75089, 'Electro AT (47.0 кВт)'),
(75627, '1.6 MT (106 л.с.)'),
(76732, '2.2d AMT (199 л.с.) 4WD'),
(76813, '45 TFSI 2.0 AMT (249 л.с.) 4WD'),
(76858, '2.0 CVT (150 л.с.)'),
(76859, '2.5 AT (200 л.с.)'),
(76860, '3.5 AT (249 л.с.)'),
(77031, '35 TFSI 1.4 AT (150 л.с.)'),
(77367, '2.0 MT (150 л.с.)'),
(77368, '2.0 AT (150 л.с.)'),
(77532, '1.6 AT (123 л.с.)'),
(77533, ''),
(77534, ''),
(77535, ''),
(77536, ''),
(77537, '');

-- --------------------------------------------------------

--
-- Структура таблицы `vehicle`
--

CREATE TABLE `vehicle` (
  `id` int(10) UNSIGNED NOT NULL,
  `uin` int(11) DEFAULT NULL,
  `dealer_id` int(10) UNSIGNED DEFAULT NULL,
  `category_id` int(10) UNSIGNED DEFAULT NULL,
  `brand_id` int(10) UNSIGNED DEFAULT NULL,
  `model_id` int(10) UNSIGNED DEFAULT NULL,
  `generation_id` int(10) UNSIGNED DEFAULT NULL,
  `modification_id` int(10) UNSIGNED DEFAULT NULL,
  `body_configuration_id` int(10) UNSIGNED DEFAULT NULL,
  `year` int(11) DEFAULT NULL,
  `description` text COLLATE utf8_unicode_ci DEFAULT NULL
) ENGINE=InnoDB DEFAULT CHARSET=utf8 COLLATE=utf8_unicode_ci;

-- --------------------------------------------------------

--
-- Структура таблицы `vehicle_element`
--

CREATE TABLE `vehicle_element` (
  `vehicle_id` int(10) UNSIGNED NOT NULL,
  `element_id` int(10) UNSIGNED NOT NULL
) ENGINE=InnoDB DEFAULT CHARSET=utf8mb4 COLLATE=utf8mb4_unicode_ci;

--
-- Индексы сохранённых таблиц
--

--
-- Индексы таблицы `body_configuration`
--
ALTER TABLE `body_configuration`
  ADD PRIMARY KEY (`id`);

--
-- Индексы таблицы `brand`
--
ALTER TABLE `brand`
  ADD PRIMARY KEY (`id`);

--
-- Индексы таблицы `category`
--
ALTER TABLE `category`
  ADD PRIMARY KEY (`id`);

--
-- Индексы таблицы `dealer`
--
ALTER TABLE `dealer`
  ADD PRIMARY KEY (`id`);

--
-- Индексы таблицы `element`
--
ALTER TABLE `element`
  ADD PRIMARY KEY (`id`),
  ADD KEY `element_equipment_configuration_id_foreign` (`equipment_id`);

--
-- Индексы таблицы `equipment`
--
ALTER TABLE `equipment`
  ADD PRIMARY KEY (`id`);

--
-- Индексы таблицы `generation`
--
ALTER TABLE `generation`
  ADD PRIMARY KEY (`id`);

--
-- Индексы таблицы `model`
--
ALTER TABLE `model`
  ADD PRIMARY KEY (`id`);

--
-- Индексы таблицы `modification`
--
ALTER TABLE `modification`
  ADD PRIMARY KEY (`id`);

--
-- Индексы таблицы `vehicle`
--
ALTER TABLE `vehicle`
  ADD PRIMARY KEY (`id`),
  ADD KEY `vehicles_dealer_id_foreign` (`dealer_id`),
  ADD KEY `vehicles_category_id_foreign` (`category_id`),
  ADD KEY `vehicles_body_configuration_id_foreign` (`body_configuration_id`),
  ADD KEY `vehicles_brand_id_foreign` (`brand_id`),
  ADD KEY `vehicles_model_id_foreign` (`model_id`),
  ADD KEY `vehicles_modification_id_foreign` (`modification_id`),
  ADD KEY `vehicles_generation_id_foreign` (`generation_id`);

--
-- Индексы таблицы `vehicle_element`
--
ALTER TABLE `vehicle_element`
  ADD PRIMARY KEY (`vehicle_id`,`element_id`),
  ADD KEY `ve_element_id_foreign` (`element_id`);

--
-- AUTO_INCREMENT для сохранённых таблиц
--

--
-- AUTO_INCREMENT для таблицы `body_configuration`
--
ALTER TABLE `body_configuration`
  MODIFY `id` int(10) UNSIGNED NOT NULL AUTO_INCREMENT, AUTO_INCREMENT=10092;

--
-- AUTO_INCREMENT для таблицы `brand`
--
ALTER TABLE `brand`
  MODIFY `id` int(11) UNSIGNED NOT NULL AUTO_INCREMENT, AUTO_INCREMENT=210;

--
-- AUTO_INCREMENT для таблицы `category`
--
ALTER TABLE `category`
  MODIFY `id` int(11) UNSIGNED NOT NULL AUTO_INCREMENT, AUTO_INCREMENT=3716;

--
-- AUTO_INCREMENT для таблицы `dealer`
--
ALTER TABLE `dealer`
  MODIFY `id` int(10) UNSIGNED NOT NULL AUTO_INCREMENT, AUTO_INCREMENT=3714;

--
-- AUTO_INCREMENT для таблицы `element`
--
ALTER TABLE `element`
  MODIFY `id` int(10) UNSIGNED NOT NULL AUTO_INCREMENT, AUTO_INCREMENT=265;

--
-- AUTO_INCREMENT для таблицы `equipment`
--
ALTER TABLE `equipment`
  MODIFY `id` int(10) UNSIGNED NOT NULL AUTO_INCREMENT, AUTO_INCREMENT=13;

--
-- AUTO_INCREMENT для таблицы `generation`
--
ALTER TABLE `generation`
  MODIFY `id` int(10) UNSIGNED NOT NULL AUTO_INCREMENT, AUTO_INCREMENT=53962;

--
-- AUTO_INCREMENT для таблицы `model`
--
ALTER TABLE `model`
  MODIFY `id` int(11) UNSIGNED NOT NULL AUTO_INCREMENT, AUTO_INCREMENT=10388;

--
-- AUTO_INCREMENT для таблицы `modification`
--
ALTER TABLE `modification`
  MODIFY `id` int(10) UNSIGNED NOT NULL AUTO_INCREMENT, AUTO_INCREMENT=77538;

--
-- AUTO_INCREMENT для таблицы `vehicle`
--
ALTER TABLE `vehicle`
  MODIFY `id` int(10) UNSIGNED NOT NULL AUTO_INCREMENT, AUTO_INCREMENT=3195357;

--
-- Ограничения внешнего ключа сохраненных таблиц
--

--
-- Ограничения внешнего ключа таблицы `element`
--
ALTER TABLE `element`
  ADD CONSTRAINT `element_equipment_configuration_id_foreign` FOREIGN KEY (`equipment_id`) REFERENCES `equipment` (`id`);

--
-- Ограничения внешнего ключа таблицы `vehicle`
--
ALTER TABLE `vehicle`
  ADD CONSTRAINT `vehicles_body_configuration_id_foreign` FOREIGN KEY (`body_configuration_id`) REFERENCES `body_configuration` (`id`),
  ADD CONSTRAINT `vehicles_brand_id_foreign` FOREIGN KEY (`brand_id`) REFERENCES `brand` (`id`) ON DELETE CASCADE,
  ADD CONSTRAINT `vehicles_category_id_foreign` FOREIGN KEY (`category_id`) REFERENCES `category` (`id`) ON DELETE CASCADE,
  ADD CONSTRAINT `vehicles_dealer_id_foreign` FOREIGN KEY (`dealer_id`) REFERENCES `dealer` (`id`) ON DELETE CASCADE,
  ADD CONSTRAINT `vehicles_generation_id_foreign` FOREIGN KEY (`generation_id`) REFERENCES `generation` (`id`),
  ADD CONSTRAINT `vehicles_model_id_foreign` FOREIGN KEY (`model_id`) REFERENCES `model` (`id`) ON DELETE CASCADE,
  ADD CONSTRAINT `vehicles_modification_id_foreign` FOREIGN KEY (`modification_id`) REFERENCES `modification` (`id`);

--
-- Ограничения внешнего ключа таблицы `vehicle_element`
--
ALTER TABLE `vehicle_element`
  ADD CONSTRAINT `ve_element_id_foreign` FOREIGN KEY (`element_id`) REFERENCES `element` (`id`) ON DELETE CASCADE ON UPDATE CASCADE,
  ADD CONSTRAINT `ve_vehicle_id_foreign` FOREIGN KEY (`vehicle_id`) REFERENCES `vehicle` (`id`) ON DELETE CASCADE ON UPDATE CASCADE;
COMMIT;

/*!40101 SET CHARACTER_SET_CLIENT=@OLD_CHARACTER_SET_CLIENT */;
/*!40101 SET CHARACTER_SET_RESULTS=@OLD_CHARACTER_SET_RESULTS */;
/*!40101 SET COLLATION_CONNECTION=@OLD_COLLATION_CONNECTION */;
